,city,density,population,state,zipcode
877,LAWRENCE,15434,47676,MA,01841
876,METHUEN,2146,47690,MA,01844
667,PEABODY,3208,51319,MA,01960
664,DORCHESTER CENTER,17110,51382,MA,02124
328,MALDEN,11859,59819,MA,02148
611,REVERE,8957,52534,MA,02151
359,MEDFORD,7177,58832,MA,02155
487,QUINCY,6138,55064,MA,02169
355,BROCKTON,4744,58982,MA,02301
418,PLYMOUTH,595,56816,MA,02360
789,TAUNTON,1488,49151,MA,02780
310,BRISTOL,2292,60525,CT,06010
887,MIDDLETOWN,1159,47539,CT,06457
584,NEW HAVEN,8950,53062,CT,06511
478,WEST HAVEN,5150,55349,CT,06516
858,BRIDGEPORT,9056,47916,CT,06606
750,DANBURY,2406,49777,CT,06810
191,STAMFORD,6549,66657,CT,06902
230,BAYONNE,10935,63819,NJ,07002
895,BLOOMFIELD,8972,47442,NJ,07003
692,HOBOKEN,40292,50929,NJ,07030
282,NORTH BERGEN,11966,61434,NJ,07047
970,WEST ORANGE,3848,46386,NJ,07052
149,PASSAIC,22354,70215,NJ,07055
563,UNION,6186,53503,NJ,07083
183,UNION CITY,52458,67566,NJ,07087
265,WEST NEW YORK,51470,61919,NJ,07093
696,NEWARK,20052,50813,NJ,07104
714,NEWARK,10879,50466,NJ,07105
534,IRVINGTON,18492,54144,NJ,07111
239,JERSEY CITY,10858,63033,NJ,07305
550,JERSEY CITY,19753,53767,NJ,07306
495,WAYNE,2307,54849,NJ,07470
433,FREEHOLD,1159,56270,NJ,07728
700,SICKLERVILLE,1900,50784,NJ,08081
859,BRIDGETON,335,47895,NJ,08302
494,JACKSON,644,54867,NJ,08527
902,PRINCETON,911,47316,NJ,08540
25,LAKEWOOD,3765,92586,NJ,08701
229,TOMS RIVER,2768,63891,NJ,08753
951,EAST BRUNSWICK,2266,46550,NJ,08816
929,MONROE TOWNSHIP,929,46818,NJ,08831
414,PISCATAWAY,3021,56874,NJ,08854
569,PERTH AMBOY,10288,53415,NJ,08861
685,SOMERSET,1581,51048,NJ,08873
474,NEW BRUNSWICK,8765,55476,NJ,08901
58,NEW YORK,93505,82191,NY,10002
404,NEW YORK,99497,57310,NY,10003
242,NEW YORK,101799,62810,NY,10009
627,NEW YORK,79281,52167,NY,10011
674,NEW YORK,96233,51196,NY,10016
286,NEW YORK,124878,61315,NY,10023
347,NEW YORK,68956,59164,NY,10024
15,NEW YORK,129508,97390,NY,10025
250,NEW YORK,71891,62617,NY,10027
79,NEW YORK,93884,77454,NY,10029
352,NEW YORK,90771,59092,NY,10031
341,NEW YORK,90371,59374,NY,10032
363,NEW YORK,97041,58710,NY,10033
322,NEW YORK,127645,60121,NY,10128
451,STATEN ISLAND,7481,55902,NY,10306
323,STATEN ISLAND,7824,60081,NY,10312
37,STATEN ISLAND,6364,87276,NY,10314
918,BRONX,46373,47069,NY,10451
96,BRONX,76072,74931,NY,10452
69,BRONX,87110,79793,NY,10453
35,BRONX,86172,87723,NY,10456
148,BRONX,66241,70282,NY,10457
97,BRONX,74191,74859,NY,10458
854,BRONX,58723,47977,NY,10459
445,BRONX,42649,56084,NY,10460
651,BRONX,21554,51730,NY,10461
81,BRONX,52276,77369,NY,10462
147,BRONX,48700,70420,NY,10463
145,BRONX,34990,70609,NY,10466
11,BRONX,42384,98754,NY,10467
127,BRONX,66811,71822,NY,10468
125,BRONX,29004,71843,NY,10469
163,BRONX,65555,68898,NY,10472
365,BRONX,26908,58660,NY,10473
291,YONKERS,14481,61167,NY,10701
866,MIDDLETOWN,737,47833,NY,10940
881,MONROE,1308,47611,NY,10950
316,SPRING VALLEY,5431,60293,NY,10977
502,BROOKLYN,38471,54668,NY,11201
71,BROOKLYN,37079,79572,NY,11203
67,BROOKLYN,50952,80963,NY,11204
64,BROOKLYN,56851,81525,NY,11206
26,BROOKLYN,34628,92491,NY,11207
23,BROOKLYN,26941,93107,NY,11208
118,BROOKLYN,33591,72623,NY,11209
210,BROOKLYN,39794,65302,NY,11210
22,BROOKLYN,40588,93271,NY,11211
46,BROOKLYN,54954,84520,NY,11212
264,BROOKLYN,56883,62059,NY,11213
53,BROOKLYN,38058,83156,NY,11214
164,BROOKLYN,31630,68891,NY,11215
548,BROOKLYN,57522,53783,NY,11216
99,BROOKLYN,52352,74758,NY,11218
17,BROOKLYN,65433,96971,NY,11219
4,BROOKLYN,57559,103089,NY,11220
65,BROOKLYN,58800,81321,NY,11221
104,BROOKLYN,35972,74606,NY,11223
345,BROOKLYN,66948,59182,NY,11225
13,BROOKLYN,76280,98325,NY,11226
66,BROOKLYN,37393,81030,NY,11229
47,BROOKLYN,45771,84219,NY,11230
170,BROOKLYN,50889,68599,NY,11233
20,BROOKLYN,12490,94259,NY,11234
103,BROOKLYN,33228,74630,NY,11235
16,BROOKLYN,27042,97217,NY,11236
473,BROOKLYN,56610,55478,NY,11237
642,BROOKLYN,46921,51895,NY,11238
434,FLUSHING,25961,56258,NY,11354
52,FLUSHING,47966,83221,NY,11355
2,CORONA,41019,107962,NY,11368
236,JACKSON HEIGHTS,85916,63320,NY,11372
10,ELMHURST,64937,99159,NY,11373
157,FOREST HILLS,35231,69757,NY,11375
40,WOODSIDE,33889,86316,NY,11377
8,RIDGEWOOD,27506,99379,NY,11385
788,SOUTH RICHMOND HILL,43572,49193,NY,11419
824,SOUTH OZONE PARK,23315,48449,NY,11420
276,JAMAICA,28705,61687,NY,11432
243,JAMAICA,19391,62809,NY,11434
561,JAMAICA,35341,53542,NY,11435
419,HEMPSTEAD,13327,56773,NY,11550
295,FAR ROCKAWAY,21556,61091,NY,11691
205,BAY SHORE,3863,65821,NY,11706
399,BRENTWOOD,5252,57375,NY,11717
185,HUNTINGTON STATION,2823,67412,NY,11746
488,MASSAPEQUA,5001,55009,NY,11758
547,TROY,980,53812,NY,12180
509,NEWBURGH,1572,54565,NY,12550
697,LOCKPORT,417,50807,NY,14094
565,BUFFALO,2326,53475,NY,14221
707,WEBSTER,1187,50559,NY,14580
218,ITHACA,515,64877,NY,14850
785,WASHINGTON,404,49266,PA,15301
342,GREENSBURG,688,59313,PA,15601
722,HANOVER,664,50336,PA,17331
802,LANCASTER,1464,48769,PA,17601
551,LANCASTER,2097,53743,PA,17602
275,LANCASTER,2071,61719,PA,17603
884,ALLENTOWN,15875,47576,PA,18102
819,ALLENTOWN,2756,48527,PA,18103
461,BENSALEM,3229,55650,PA,19020
699,MORRISVILLE,1782,50790,PA,19067
595,PHILADELPHIA,17559,52800,PA,19104
169,PHILADELPHIA,14204,68620,PA,19111
89,PHILADELPHIA,22453,76430,PA,19120
225,PHILADELPHIA,13137,64044,PA,19124
294,PHILADELPHIA,17420,61108,PA,19134
549,PHILADELPHIA,17621,53778,PA,19140
192,PHILADELPHIA,20819,66372,PA,19143
873,PHILADELPHIA,9816,47776,PA,19145
659,PHILADELPHIA,12184,51455,PA,19148
553,PHILADELPHIA,22121,53731,PA,19149
596,COATESVILLE,625,52798,PA,19320
937,DOWNINGTOWN,1098,46691,PA,19335
734,WEST CHESTER,1588,50098,PA,19380
570,WEST CHESTER,1154,53404,PA,19382
486,LANSDALE,2443,55090,PA,19446
592,NEWARK,1866,52830,DE,19702
694,NEWARK,1857,50844,DE,19711
329,NEW CASTLE,1612,59808,DE,19720
430,WASHINGTON,10715,56331,DC,20002
739,WASHINGTON,38007,49979,DC,20009
252,WASHINGTON,12829,62569,DC,20011
607,WASHINGTON,8521,52572,DC,20019
679,WASHINGTON,11094,51176,DC,20020
392,ASHBURN,2906,57758,VA,20147
885,HERNDON,3930,47565,VA,20171
860,LEESBURG,841,47889,VA,20176
704,FORT WASHINGTON,1922,50632,MD,20744
901,HYATTSVILLE,8408,47331,MD,20783
946,ROCKVILLE,3307,46629,MD,20850
751,POTOMAC,1474,49759,MD,20854
368,GERMANTOWN,2759,58537,MD,20874
234,GAITHERSBURG,2907,63474,MD,20878
792,SILVER SPRING,6473,49074,MD,20902
458,SILVER SPRING,4074,55688,MD,20904
186,SILVER SPRING,5565,67387,MD,20906
564,GLEN BURNIE,4407,53491,MD,21061
413,OWINGS MILLS,1750,56894,MD,21117
298,PASADENA,1948,60968,MD,21122
728,BALTIMORE,6963,50182,MD,21206
733,GWYNN OAK,4859,50107,MD,21207
235,BALTIMORE,9313,63448,MD,21215
762,BALTIMORE,11843,49552,MD,21218
513,DUNDALK,4974,54523,MD,21222
763,BALTIMORE,5230,49552,MD,21224
822,CATONSVILLE,3128,48483,MD,21228
156,PARKVILLE,5380,69893,MD,21234
307,HAGERSTOWN,868,60616,MD,21740
372,ANNANDALE,4694,58390,VA,22003
470,FAIRFAX,2941,55490,VA,22030
269,WOODBRIDGE,3913,61863,VA,22191
527,WOODBRIDGE,2923,54216,VA,22192
101,WOODBRIDGE,4229,74742,VA,22193
769,ARLINGTON,12046,49521,VA,22204
991,ALEXANDRIA,9959,46148,VA,22304
426,FREDERICKSBURG,994,56381,VA,22407
609,STAFFORD,792,52564,VA,22554
705,MIDLOTHIAN,1561,50595,VA,23112
958,WILLIAMSBURG,829,46458,VA,23185
845,RICHMOND,2856,48111,VA,23223
573,CHESAPEAKE,1636,53339,VA,23320
268,CHESAPEAKE,410,61868,VA,23322
865,SUFFOLK,235,47846,VA,23434
313,VIRGINIA BEACH,4127,60422,VA,23452
246,VIRGINIA BEACH,2050,62748,VA,23454
804,VIRGINIA BEACH,3025,48765,VA,23455
668,VIRGINIA BEACH,1013,51261,VA,23456
290,VIRGINIA BEACH,5234,61287,VA,23462
115,VIRGINIA BEACH,4343,72834,VA,23464
779,HAMPTON,2498,49434,VA,23666
562,BLACKSBURG,404,53541,VA,24060
943,WINSTON SALEM,717,46649,NC,27107
942,HIGH POINT,1113,46659,NC,27265
645,KERNERSVILLE,649,51849,NC,27284
935,THOMASVILLE,531,46756,NC,27360
462,GREENSBORO,802,55645,NC,27406
818,GREENSBORO,1602,48545,NC,27407
594,GREENSBORO,1615,52812,NC,27410
543,WAKE FOREST,514,53860,NC,27587
989,RALEIGH,895,46175,NC,27603
166,RALEIGH,1610,68776,NC,27610
997,RALEIGH,2074,46074,NC,27616
810,DURHAM,1110,48684,NC,27705
979,DURHAM,2176,46299,NC,27707
928,DURHAM,1438,46824,NC,27713
501,GREENVILLE,309,54699,NC,27834
411,GREENVILLE,945,56930,NC,27858
731,CONCORD,460,50140,NC,28025
423,CONCORD,825,56586,NC,28027
599,HUNTERSVILLE,827,52776,NC,28078
650,MONROE,402,51733,NC,28110
491,CHARLOTTE,1798,54896,NC,28215
842,CHARLOTTE,1611,48172,NC,28216
644,CHARLOTTE,1340,51870,NC,28227
102,CHARLOTTE,2454,74667,NC,28269
301,CHARLOTTE,2599,60794,NC,28277
589,FAYETTEVILLE,2297,52916,NC,28314
701,JACKSONVILLE,492,50745,NC,28540
826,HICKORY,1052,48428,NC,28601
961,LENOIR,141,46444,NC,28645
479,MORGANTON,174,55330,NC,28655
684,LEXINGTON,746,51055,SC,29072
703,COLUMBIA,1985,50639,SC,29223
421,GOOSE CREEK,968,56629,SC,29445
195,SUMMERVILLE,489,66204,SC,29483
825,SUMMERVILLE,1356,48443,SC,29485
757,SIMPSONVILLE,1202,49692,SC,29681
945,LANCASTER,164,46633,SC,29720
613,ROCK HILL,437,52496,SC,29730
512,ROCK HILL,1023,54548,SC,29732
500,ALPHARETTA,953,54714,GA,30004
693,COVINGTON,555,50852,GA,30016
199,ALPHARETTA,2599,66120,GA,30022
168,SUWANEE,1613,68650,GA,30024
809,DECATUR,3572,48693,GA,30032
376,CUMMING,992,58225,GA,30040
439,CUMMING,955,56176,GA,30041
50,LAWRENCEVILLE,2578,83855,GA,30043
61,LAWRENCEVILLE,3339,81764,GA,30044
273,LILBURN,2230,61805,GA,30047
344,LOGANVILLE,677,59226,GA,30052
538,LITHONIA,1756,54053,GA,30058
231,MARIETTA,2472,63806,GA,30062
968,MARIETTA,1456,46401,GA,30064
634,MARIETTA,1911,52060,GA,30066
482,ROSWELL,1853,55253,GA,30075
574,SMYRNA,3913,53298,GA,30080
635,STONE MOUNTAIN,3068,52056,GA,30083
437,NORCROSS,4713,56213,GA,30093
188,DULUTH,2933,67110,GA,30096
485,ACWORTH,1367,55141,GA,30101
732,CANTON,465,50138,GA,30114
325,POWDER SPRINGS,1182,60016,GA,30127
288,DOUGLASVILLE,732,61298,GA,30135
643,KENNESAW,2298,51872,GA,30144
963,DALLAS,546,46413,GA,30157
530,WOODSTOCK,1232,54177,GA,30188
622,MCDONOUGH,1077,52256,GA,30253
606,NEWNAN,263,52604,GA,30263
202,STOCKBRIDGE,938,65931,GA,30281
557,ATLANTA,2633,53622,GA,30318
350,ATLANTA,1597,59107,GA,30331
162,ATLANTA,1502,68941,GA,30349
649,DALTON,417,51763,GA,30721
305,AUGUSTA,718,60634,GA,30906
741,AUGUSTA,2082,49959,GA,30907
745,WARNER ROBINS,1587,49883,GA,31088
499,SAVANNAH,861,54730,GA,31419
416,COLUMBUS,2475,56859,GA,31907
821,MIDDLEBURG,480,48490,FL,32068
748,THE VILLAGES,2154,49812,FL,32162
940,ORMOND BEACH,378,46686,FL,32174
370,JACKSONVILLE,2901,58455,FL,32210
447,JACKSONVILLE,580,56025,FL,32218
582,JACKSONVILLE,2011,53130,FL,32225
280,JACKSONVILLE,2608,61482,FL,32244
752,JACKSONVILLE,2625,49747,FL,32246
941,TALLAHASSEE,1315,46671,FL,32303
897,TALLAHASSEE,3026,47417,FL,32304
867,APOPKA,942,47824,FL,32703
381,OVIEDO,1487,58153,FL,32765
882,SANFORD,1316,47609,FL,32771
783,WINTER PARK,4012,49308,FL,32792
729,ORLANDO,4187,50146,FL,32808
443,ORLANDO,4221,56111,FL,32822
351,ORLANDO,2052,59099,FL,32825
369,ORLANDO,2737,58491,FL,32828
578,ORLANDO,2370,53184,FL,32837
998,ORLANDO,6178,46052,FL,32839
994,HIALEAH,10683,46108,FL,33010
109,HIALEAH,12588,73805,FL,33012
215,HIALEAH,11165,65038,FL,33015
823,HIALEAH,11067,48450,FL,33016
926,HIALEAH,2406,46903,FL,33018
898,HOLLYWOOD,5441,47400,FL,33021
219,HOLLYWOOD,6729,64849,FL,33023
158,HOLLYWOOD,6487,69630,FL,33024
391,HOLLYWOOD,5340,57766,FL,33025
397,HOLLYWOOD,4282,57479,FL,33027
916,HOLLYWOOD,2641,47086,FL,33029
680,HOMESTEAD,3047,51131,FL,33033
608,POMPANO BEACH,5910,52564,FL,33063
493,POMPANO BEACH,5245,54879,FL,33064
558,POMPANO BEACH,6439,53614,FL,33065
727,POMPANO BEACH,8425,50207,FL,33068
568,MIAMI,13836,53435,FL,33125
903,MIAMI,9447,47311,FL,33126
529,MIAMI,7658,54178,FL,33142
922,MIAMI,6365,46977,FL,33155
184,MIAMI,4558,67553,FL,33157
539,MIAMI,9882,54036,FL,33161
432,MIAMI,7387,56275,FL,33165
621,MIAMI,6799,52348,FL,33175
673,MIAMI,4175,51207,FL,33176
427,MIAMI,4500,56355,FL,33177
136,MIAMI,5652,71426,FL,33186
209,FORT LAUDERDALE,6311,65304,FL,33311
590,FORT LAUDERDALE,4632,52915,FL,33312
410,FORT LAUDERDALE,8752,56934,FL,33313
957,FORT LAUDERDALE,6677,46473,FL,33319
227,WEST PALM BEACH,1501,64015,FL,33411
514,WELLINGTON,1941,54474,FL,33414
706,JUPITER,2337,50580,FL,33458
415,LAKE WORTH,5293,56864,FL,33463
652,LAKE WORTH,2803,51606,FL,33467
647,BRANDON,3261,51807,FL,33511
990,TAMPA,4519,46167,FL,33612
844,TAMPA,4922,48125,FL,33614
340,TAMPA,1752,59375,FL,33647
852,LAKELAND,856,47995,FL,33810
507,CLERMONT,1305,54609,FL,34711
853,WINTER GARDEN,696,47990,FL,34787
281,PORT SAINT LUCIE,2582,61457,FL,34953
947,BIRMINGHAM,1626,46629,AL,35215
737,BIRMINGHAM,945,50052,AL,35242
992,MONTGOMERY,823,46139,AL,36116
670,MONTGOMERY,944,51223,AL,36117
977,MOBILE,970,46316,AL,36695
59,ANTIOCH,2039,81944,TN,37013
687,BRENTWOOD,927,51034,TN,37027
175,CLARKSVILLE,1122,68419,TN,37042
663,FRANKLIN,288,51393,TN,37064
318,HENDERSONVILLE,1015,60280,TN,37075
846,MOUNT JULIET,430,48107,TN,37122
735,MURFREESBORO,613,50076,TN,37129
709,MURFREESBORO,966,50538,TN,37130
637,SMYRNA,903,51973,TN,37167
80,NASHVILLE,3621,77379,TN,37211
813,COLLIERVILLE,574,48641,TN,38017
843,MEMPHIS,716,48169,TN,38109
723,JACKSON,389,50335,TN,38305
522,COLUMBIA,181,54353,TN,38401
913,OLIVE BRANCH,497,47182,MS,38654
831,GULFPORT,401,48348,MS,39503
993,LOUISVILLE,3105,46134,KY,40214
428,RICHMOND,206,56351,KY,40475
738,FRANKFORT,227,49984,KY,40601
753,FLORENCE,1736,49747,KY,41042
440,BOWLING GREEN,198,56169,KY,42101
834,ELIZABETHTOWN,304,48299,KY,42701
775,DELAWARE,396,49491,OH,43015
385,HILLIARD,1656,58097,OH,43026
314,NEWARK,535,60396,OH,43055
605,REYNOLDSBURG,2718,52605,OH,43068
431,WESTERVILLE,2287,56325,OH,43081
356,GROVE CITY,991,58964,OH,43123
337,LANCASTER,367,59486,OH,43130
982,COLUMBUS,1984,46253,OH,43207
612,COLUMBUS,2595,52522,OH,43228
917,COLUMBUS,5344,47084,OH,43229
593,COLUMBUS,2524,52819,OH,43230
496,MARION,281,54800,OH,43302
464,ZANESVILLE,308,55568,OH,43701
228,ELYRIA,1338,63911,OH,44035
304,MENTOR,1578,60780,OH,44060
429,PAINESVILLE,936,56334,OH,44077
641,LAKEWOOD,9409,51899,OH,44107
716,CLEVELAND,2944,50416,OH,44130
261,MEDINA,468,62303,OH,44256
985,MASSILLON,1600,46219,OH,44646
171,HAMILTON,1129,68475,OH,45011
554,HAMILTON,465,53697,OH,45013
657,MASON,1832,51469,OH,45040
633,MIDDLETOWN,1366,52064,OH,45044
761,WEST CHESTER,1743,49559,OH,45069
616,LOVELAND,1132,52417,OH,45140
720,DAYTON,1597,50366,OH,45424
398,CHILLICOTHE,168,57449,OH,45601
489,FINDLAY,328,54941,OH,45840
711,GREENWOOD,1035,50521,IN,46143
373,INDIANAPOLIS,3483,58348,IN,46227
321,CROWN POINT,687,60191,IN,46307
855,NEW ALBANY,1093,47954,IN,47150
973,RICHMOND,395,46361,IN,47374
178,WEST LAFAYETTE,504,68328,IN,47906
587,MACOMB,3920,52927,MI,48044
891,ROSEVILLE,4821,47499,MI,48066
508,ANN ARBOR,839,54593,MI,48103
847,DEARBORN,4907,48100,MI,48126
251,TAYLOR,2653,62592,MI,48180
870,WESTLAND,3928,47787,MI,48185
849,CANTON,2657,48028,MI,48187
247,YPSILANTI,1496,62684,MI,48197
868,DETROIT,5688,47821,MI,48219
625,DETROIT,6062,52191,MI,48228
972,DETROIT,7418,46368,MI,48235
816,GRAND BLANC,918,48594,MI,48439
747,EAST LANSING,2221,49813,MI,48823
772,MOUNT PLEASANT,286,49502,MI,48858
311,MILWAUKEE,10690,60508,WI,53215
801,BELOIT,442,48785,WI,53511
754,LA CROSSE,676,49744,WI,54601
839,LAKEVILLE,752,48198,MN,55044
504,SAINT PAUL,6306,54648,MN,55106
759,SAINT PAUL,2952,49632,MN,55124
950,ANOKA,738,46557,MN,55303
952,ANDOVER,673,46526,MN,55304
597,ROCHESTER,1767,52796,MN,55901
938,MANKATO,408,46689,MN,56001
864,FARGO,4233,47859,ND,58103
857,BILLINGS,3244,47930,MT,59102
740,KALISPELL,111,49962,MT,59901
742,ARLINGTON HEIGHTS,4508,49957,IL,60004
837,CRYSTAL LAKE,1906,48234,IL,60014
302,DES PLAINES,5722,60794,IL,60016
463,MOUNT PROSPECT,5172,55611,IL,60056
320,ROUND LAKE,2938,60237,IL,60073
139,WAUKEGAN,4743,70997,IL,60085
981,DEKALB,573,46267,IL,60115
671,ELGIN,3088,51216,IL,60120
848,ELGIN,3489,48053,IL,60123
960,ELMHURST,4171,46450,IL,60126
619,LOMBARD,3866,52390,IL,60148
226,BERWYN,12147,64039,IL,60402
360,CHICAGO HEIGHTS,1853,58818,IL,60411
795,JOLIET,4576,49002,IL,60435
544,BOLINGBROOK,3349,53836,IL,60440
417,OAK LAWN,6719,56820,IL,60453
135,AURORA,6398,71433,IL,60505
409,AURORA,3044,56982,IL,60506
969,PLAINFIELD,2648,46395,IL,60586
74,CHICAGO,12405,78794,IL,60608
244,CHICAGO,8091,62773,IL,60609
767,CHICAGO,22765,49536,IL,60613
177,CHICAGO,21593,68363,IL,60614
774,CHICAGO,12229,49491,IL,60616
51,CHICAGO,6018,83435,IL,60617
14,CHICAGO,19248,97413,IL,60618
216,CHICAGO,10783,64922,IL,60619
113,CHICAGO,10336,73253,IL,60620
524,CHICAGO,22125,54272,IL,60622
42,CHICAGO,15900,85158,IL,60623
72,CHICAGO,20263,78966,IL,60625
683,CHICAGO,29948,51061,IL,60626
129,CHICAGO,6567,71710,IL,60628
1,CHICAGO,16713,113833,IL,60629
388,CHICAGO,12125,57886,IL,60630
29,CHICAGO,12232,90845,IL,60632
117,CHICAGO,10223,72718,IL,60634
835,CHICAGO,10715,48270,IL,60637
446,CHICAGO,5048,56033,IL,60638
27,CHICAGO,18851,91934,IL,60639
223,CHICAGO,26741,64365,IL,60640
142,CHICAGO,17499,70730,IL,60641
646,CHICAGO,7056,51836,IL,60643
879,CHICAGO,13593,47631,IL,60644
925,CHICAGO,20776,46913,IL,60645
39,CHICAGO,21533,87146,IL,60647
293,CHICAGO,17491,61150,IL,60651
181,CHICAGO,29955,68088,IL,60657
49,CICERO,10966,84042,IL,60804
542,NORMAL,1267,53926,IL,61761
436,BALLWIN,2578,56217,MO,63021
758,FLORISSANT,3383,49650,MO,63031
780,SAINT LOUIS,3933,49390,MO,63123
600,SAINT LOUIS,2523,52733,MO,63129
910,SAINT LOUIS,4463,47220,MO,63136
764,SAINT CHARLES,561,49549,MO,63301
976,SAINT CHARLES,2334,46318,MO,63303
875,O FALLON,694,47697,MO,63366
123,SAINT PETERS,1733,71988,MO,63376
980,COLUMBIA,311,46268,MO,65202
481,COLUMBIA,716,55284,MO,65203
459,SPRINGFIELD,2564,55658,MO,65807
405,OLATHE,891,57167,KS,66061
90,OLATHE,1590,75938,KS,66062
675,SALINA,213,51196,KS,67401
690,KENNER,6349,50989,LA,70065
444,MARRERO,2703,56088,LA,70072
586,DENHAM SPRINGS,571,52962,LA,70726
483,JONESBORO,471,55197,AR,72401
632,SPRINGDALE,837,52101,AR,72764
959,EDMOND,1587,46457,OK,73013
332,YUKON,492,59634,OK,73099
520,OKLAHOMA CITY,2424,54420,OK,73160
702,LAWTON,918,50737,OK,73505
366,BROKEN ARROW,2367,58607,OK,74012
204,ALLEN,1773,65900,TX,75002
883,CARROLLTON,2818,47590,TX,75006
662,CARROLLTON,4414,51405,TX,75007
936,PLANO,4961,46733,TX,75023
639,PLANO,5568,51924,TX,75025
93,FRISCO,1510,75490,TX,75034
660,FRISCO,2176,51444,TX,75035
330,GARLAND,3820,59792,TX,75040
384,GARLAND,4001,58120,TX,75043
33,GRAND PRAIRIE,3431,89743,TX,75052
770,THE COLONY,1961,49514,TX,75056
965,IRVING,3500,46409,TX,75060
576,IRVING,4604,53233,TX,75061
988,IRVING,4203,46200,TX,75062
272,LEWISVILLE,4651,61816,TX,75067
73,MCKINNEY,3295,78837,TX,75070
948,PLANO,2822,46606,TX,75074
921,PLANO,3328,46990,TX,75093
815,WYLIE,1476,48611,TX,75098
746,DESOTO,2272,49839,TX,75115
371,MESQUITE,3679,58427,TX,75149
383,MESQUITE,4562,58143,TX,75150
112,DALLAS,4172,73530,TX,75211
781,DALLAS,3374,49342,TX,75216
56,DALLAS,3025,82664,TX,75217
422,DALLAS,4966,56594,TX,75227
143,DALLAS,6201,70699,TX,75228
412,DALLAS,6539,56910,TX,75243
717,DALLAS,9006,50416,TX,75287
424,ARLINGTON,6323,56512,TX,76010
249,BURLESON,812,62637,TX,76028
893,GRAPEVINE,1289,47488,TX,76051
260,MANSFIELD,1202,62321,TX,76063
955,FORT WORTH,3821,46488,TX,76116
708,FORT WORTH,5473,50558,TX,76133
523,FORT WORTH,4015,54345,TX,76137
760,FORT WORTH,918,49578,TX,76179
224,KELLER,3729,64081,TX,76244
829,KILLEEN,631,48388,TX,76549
407,HOUSTON,2704,57096,TX,77015
176,HOUSTON,9607,68373,TX,77036
944,HOUSTON,3584,46640,TX,77070
438,HOUSTON,7680,56199,TX,77072
579,HOUSTON,6100,53158,TX,77077
807,HOUSTON,7635,48734,TX,77080
744,HOUSTON,3976,49920,TX,77082
128,HOUSTON,6962,71810,TX,77083
9,HOUSTON,3229,99266,TX,77084
588,HOUSTON,4732,52924,TX,77088
678,HOUSTON,4025,51184,TX,77089
173,HOUSTON,4449,68458,TX,77095
506,HUMBLE,3147,54627,TX,77346
450,SPRING,2358,55927,TX,77373
119,SPRING,2888,72579,TX,77379
106,CYPRESS,1936,74313,TX,77429
465,CYPRESS,953,55563,TX,77433
18,KATY,3199,95615,TX,77449
146,KATY,3466,70538,TX,77450
377,MISSOURI CITY,1775,58197,TX,77459
76,SUGAR LAND,2368,78289,TX,77479
130,KATY,1756,71613,TX,77494
610,SUGAR LAND,3394,52545,TX,77498
927,ALVIN,296,46889,TX,77511
718,BAYTOWN,1215,50406,TX,77521
786,FRIENDSWOOD,1868,49255,TX,77546
110,LEAGUE CITY,2440,73615,TX,77573
98,PEARLAND,2330,74761,TX,77584
441,COLLEGE STATION,5013,56154,TX,77840
698,COLLEGE STATION,344,50799,TX,77845
390,LAREDO,80,57801,TX,78045
238,LAREDO,257,63240,TX,78046
289,NEW BRAUNFELS,664,61293,TX,78130
930,SEGUIN,132,46816,TX,78155
541,SAN ANTONIO,7428,53946,TX,78207
710,SAN ANTONIO,1220,50536,TX,78223
954,SAN ANTONIO,3368,46489,TX,78227
361,SAN ANTONIO,5377,58783,TX,78228
581,SAN ANTONIO,4696,53145,TX,78240
315,SAN ANTONIO,1816,60333,TX,78245
771,SAN ANTONIO,3017,49514,TX,78247
713,SAN ANTONIO,3399,50491,TX,78249
457,SAN ANTONIO,5797,55723,TX,78250
648,SAN ANTONIO,3410,51767,TX,78251
919,SAN ANTONIO,1738,47019,TX,78254
271,MCALLEN,4030,61827,TX,78501
743,MCALLEN,2824,49936,TX,78504
285,BROWNSVILLE,1680,61328,TX,78520
32,BROWNSVILLE,971,90446,TX,78521
206,EDINBURG,387,65704,TX,78542
623,HARLINGEN,546,52238,TX,78550
108,MISSION,954,73998,TX,78572
308,MISSION,1030,60589,TX,78574
122,PHARR,2269,72047,TX,78577
382,SAN BENITO,330,58144,TX,78586
198,WESLACO,1114,66125,TX,78596
174,CEDAR PARK,2436,68426,TX,78613
798,LEANDER,386,48854,TX,78641
94,PFLUGERVILLE,1657,75038,TX,78660
389,ROUND ROCK,3490,57806,TX,78664
201,SAN MARCOS,374,66027,TX,78666
535,ROUND ROCK,2492,54141,TX,78681
812,AUSTIN,6404,48654,TX,78741
394,AUSTIN,4311,57559,TX,78745
603,AUSTIN,4803,52674,TX,78753
833,DEL RIO,51,48325,TX,78840
559,EAGLE PASS,94,53600,TX,78852
510,EL PASO,4010,54563,TX,79907
75,EL PASO,3341,78697,TX,79912
348,EL PASO,4829,59115,TX,79924
669,EL PASO,492,51248,TX,79928
0,EL PASO,4291,114734,TX,79936
343,EL PASO,163,59252,TX,79938
890,AURORA,1927,47508,CO,80011
923,AURORA,6049,46974,CO,80012
137,AURORA,5094,71261,CO,80013
222,AURORA,4508,64460,CO,80015
797,BROOMFIELD,2475,48889,CO,80020
406,PARKER,1013,57110,CO,80134
221,DENVER,8593,64506,CO,80219
681,DENVER,3884,51123,CO,80229
811,LONGMONT,491,48679,CO,80504
838,FORT COLLINS,1989,48207,CO,80525
773,GREELEY,481,49501,CO,80631
503,GREELEY,1466,54656,CO,80634
912,COLORADO SPRINGS,3939,47189,CO,80918
618,TWIN FALLS,186,52396,ID,83301
721,MERIDIAN,1827,50342,ID,83646
915,NAMPA,530,47091,ID,83686
630,BOISE,1499,52110,ID,83709
257,CLEARFIELD,2959,62387,UT,84015
655,LEHI,1655,51511,UT,84043
540,SOUTH JORDAN,2384,53995,UT,84095
189,SALT LAKE CITY,3913,67019,UT,84118
492,WEST VALLEY CITY,4551,54882,UT,84119
791,WEST VALLEY CITY,4827,49107,UT,84120
420,OGDEN,609,56743,UT,84404
892,PROVO,379,47491,UT,84604
585,PHOENIX,5060,52966,AZ,85008
756,PHOENIX,3190,49710,AZ,85009
896,PHOENIX,5070,47433,AZ,85022
152,PHOENIX,5636,70008,AZ,85032
448,PHOENIX,9188,56009,AZ,85033
666,PHOENIX,8985,51329,AZ,85035
986,PHOENIX,5645,46208,AZ,85037
402,PHOENIX,3612,57329,AZ,85041
629,CASA GRANDE,1042,52136,AZ,85122
677,QUEEN CREEK,721,51190,AZ,85142
874,MESA,5120,47737,AZ,85201
300,MESA,6140,60819,AZ,85204
987,MESA,1547,46201,AZ,85207
126,CHANDLER,5620,71828,AZ,85225
658,GILBERT,4322,51459,AZ,85234
466,TEMPE,4161,55548,AZ,85281
682,TEMPE,4571,51080,AZ,85282
971,TEMPE,5282,46373,AZ,85283
284,GLENDALE,6621,61387,AZ,85301
220,GLENDALE,3719,64515,AZ,85308
631,BUCKEYE,141,52101,AZ,85326
378,PEORIA,4457,58170,AZ,85345
114,YUMA,1854,73129,AZ,85364
856,YUMA,35,47933,AZ,85365
906,SURPRISE,2907,47274,AZ,85374
518,TUCSON,4004,54433,AZ,85705
408,TUCSON,4549,56989,AZ,85706
480,TUCSON,4581,55323,AZ,85710
755,TUCSON,2098,49712,AZ,85713
387,ALBUQUERQUE,617,57937,NM,87105
395,ALBUQUERQUE,2655,57554,NM,87111
217,ALBUQUERQUE,3048,64917,NM,87114
312,ALBUQUERQUE,1574,60487,NM,87120
91,ALBUQUERQUE,295,75581,NM,87121
636,RIO RANCHO,739,52049,NM,87124
962,SANTA FE,561,46430,NM,87507
999,CLOVIS,87,46046,NM,88101
827,NORTH LAS VEGAS,5173,48407,NV,89030
256,NORTH LAS VEGAS,6567,62455,NV,89031
726,HENDERSON,968,50246,NV,89052
863,HENDERSON,5333,47870,NV,89074
765,LAS VEGAS,7399,49537,NV,89103
161,LAS VEGAS,7675,68972,NV,89108
138,LAS VEGAS,6402,71150,NV,89110
358,LAS VEGAS,2354,58870,NV,89115
505,LAS VEGAS,5991,54646,NV,89117
267,LAS VEGAS,6731,61911,NV,89121
984,LAS VEGAS,5094,46236,NV,89122
354,LAS VEGAS,5535,58991,NV,89123
628,LAS VEGAS,5211,52145,NV,89129
661,LAS VEGAS,6926,51419,NV,89147
497,LOS ANGELES,15637,54760,CA,90001
776,LOS ANGELES,16158,49475,CA,90002
196,LOS ANGELES,18643,66200,CA,90003
245,LOS ANGELES,20591,62760,CA,90004
334,LOS ANGELES,30989,59498,CA,90006
6,LOS ANGELES,23538,100882,CA,90011
907,LOS ANGELES,13034,47273,CA,90016
820,LOS ANGELES,16747,48498,CA,90018
208,LOS ANGELES,16823,65408,CA,90019
150,LOS ANGELES,16012,70147,CA,90022
691,LOS ANGELES,17346,50964,CA,90024
167,LOS ANGELES,16267,68726,CA,90026
872,LOS ANGELES,10024,47784,CA,90032
793,LOS ANGELES,15013,49049,CA,90033
364,LOS ANGELES,18857,58703,CA,90034
270,LOS ANGELES,21792,61845,CA,90037
306,LOS ANGELES,13054,60623,CA,90042
36,LOS ANGELES,17051,87590,CA,90044
712,LOS ANGELES,8737,50499,CA,90046
889,LOS ANGELES,10049,47533,CA,90047
532,LOS ANGELES,16548,54160,CA,90063
353,LOS ANGELES,11993,59031,CA,90066
5,BELL GARDENS,17172,101932,CA,90201
749,COMPTON,7208,49810,CA,90220
614,COMPTON,9836,52446,CA,90221
900,GARDENA,12616,47361,CA,90247
21,HAWTHORNE,14039,93994,CA,90250
85,HUNTINGTON PARK,20608,76620,CA,90255
151,LYNWOOD,14512,70137,CA,90262
19,SOUTH GATE,13005,95000,CA,90280
933,TORRANCE,8831,46780,CA,90503
817,CYPRESS,7933,48590,CA,90630
182,LA HABRA,4895,68065,CA,90631
787,LA MIRADA,6244,49222,CA,90638
240,MONTEBELLO,7422,63016,CA,90640
3,NORWALK,10801,105940,CA,90650
237,PICO RIVERA,8169,63310,CA,90660
768,CERRITOS,5641,49526,CA,90703
84,BELLFLOWER,12605,76989,CA,90706
516,PARAMOUNT,11626,54468,CA,90723
283,SAN PEDRO,6685,61432,CA,90731
401,WILMINGTON,6880,57358,CA,90744
379,CARSON,7007,58162,CA,90745
24,LONG BEACH,12619,92991,CA,90805
346,LONG BEACH,18441,59178,CA,90813
577,CANOGA PARK,5655,53194,CA,91304
862,WINNETKA,11571,47879,CA,91306
7,PACOIMA,11356,100535,CA,91331
86,RESEDA,11670,76616,CA,91335
34,SYLMAR,1628,89686,CA,91342
259,NORTH HILLS,10543,62321,CA,91343
591,GRANADA HILLS,3222,52892,CA,91344
975,SUN VALLEY,3971,46334,CA,91352
133,PANORAMA CITY,19181,71486,CA,91402
517,VAN NUYS,16451,54435,CA,91405
602,VAN NUYS,6478,52682,CA,91406
454,NORTH HOLLYWOOD,10211,55793,CA,91605
324,AZUSA,354,60036,CA,91702
83,BALDWIN PARK,5745,77192,CA,91706
92,CHINO HILLS,2211,75551,CA,91709
63,CHINO,3794,81596,CA,91710
193,RANCHO CUCAMONGA,4585,66362,CA,91730
254,EL MONTE,13553,62548,CA,91732
44,LA PUENTE,9633,84674,CA,91744
455,HACIENDA HEIGHTS,4355,55776,CA,91745
924,ROWLAND HEIGHTS,3246,46966,CA,91748
357,ONTARIO,2020,58919,CA,91761
449,ONTARIO,4109,55982,CA,91762
555,ONTARIO,6706,53688,CA,91764
908,DIAMOND BAR,2499,47273,CA,91765
132,POMONA,7037,71541,CA,91766
803,POMONA,8676,48768,CA,91767
255,ROSEMEAD,9729,62489,CA,91770
665,UPLAND,5739,51381,CA,91786
967,WEST COVINA,8040,46404,CA,91790
531,ALHAMBRA,12431,54176,CA,91801
82,CHULA VISTA,6321,77320,CA,91910
60,CHULA VISTA,6990,81872,CA,91911
303,NATIONAL CITY,7999,60784,CA,91950
309,SPRING VALLEY,6264,60542,CA,91977
393,EL CAJON,5186,57747,CA,92020
214,EL CAJON,2185,65175,CA,92021
794,ENCINITAS,2906,49048,CA,92024
790,ESCONDIDO,2229,49110,CA,92025
766,ESCONDIDO,1331,49537,CA,92026
475,ESCONDIDO,879,55461,CA,92027
904,FALLBROOK,501,47282,CA,92028
626,OCEANSIDE,4204,52182,CA,92056
490,OCEANSIDE,3639,54901,CA,92057
814,POWAY,1187,48622,CA,92064
953,SAN MARCOS,2826,46492,CA,92069
515,SANTEE,3125,54469,CA,92071
932,VISTA,1789,46811,CA,92084
172,SAN DIEGO,12292,68469,CA,92105
909,SAN DIEGO,5588,47271,CA,92111
380,SAN DIEGO,11038,58158,CA,92113
180,SAN DIEGO,8274,68160,CA,92114
296,SAN DIEGO,9392,61084,CA,92115
604,SAN DIEGO,5992,52648,CA,92117
78,SAN DIEGO,6145,77860,CA,92126
782,SAN DIEGO,4418,49332,CA,92128
571,SAN DIEGO,3794,53387,CA,92129
808,SAN DIEGO,2643,48721,CA,92130
48,SAN DIEGO,2274,84060,CA,92154
253,INDIO,2761,62551,CA,92201
638,CATHEDRAL CITY,3301,51927,CA,92234
840,EL CENTRO,437,48190,CA,92243
403,COLTON,1943,57326,CA,92324
12,FONTANA,5682,98460,CA,92335
31,FONTANA,3644,90633,CA,92336
68,HESPERIA,984,80683,CA,92345
396,HIGHLAND,2263,57499,CA,92346
43,RIALTO,6266,84699,CA,92376
511,VICTORVILLE,1462,54557,CA,92392
572,YUCAIPA,1006,53370,CA,92399
266,SAN BERNARDINO,2167,61918,CA,92404
374,SAN BERNARDINO,927,58275,CA,92407
911,SAN BERNARDINO,5741,47192,CA,92410
28,RIVERSIDE,3046,90989,CA,92503
526,RIVERSIDE,2317,54221,CA,92504
778,RIVERSIDE,4044,49435,CA,92505
533,RIVERSIDE,2680,54152,CA,92507
77,RIVERSIDE,2512,78117,CA,92509
730,LAKE ELSINORE,931,50141,CA,92530
95,MORENO VALLEY,7405,75024,CA,92553
676,MORENO VALLEY,2723,51196,CA,92557
263,MURRIETA,567,62070,CA,92562
435,MURRIETA,2766,56252,CA,92563
537,PERRIS,556,54115,CA,92570
545,PERRIS,2386,53820,CA,92571
116,TEMECULA,748,72760,CA,92592
640,COSTA MESA,5394,51904,CA,92626
336,COSTA MESA,9370,59488,CA,92627
339,LAKE FOREST,6237,59401,CA,92630
484,HUNTINGTON BEACH,6859,55184,CA,92646
386,HUNTINGTON BEACH,7495,58081,CA,92647
695,ALISO VIEJO,6176,50820,CA,92656
232,LAGUNA NIGUEL,3821,63797,CA,92677
30,WESTMINSTER,9065,90640,CA,92683
905,MISSION VIEJO,5370,47275,CA,92691
806,MISSION VIEJO,4947,48739,CA,92692
536,SANTA ANA,16550,54117,CA,92701
154,SANTA ANA,17141,69952,CA,92703
38,SANTA ANA,11794,87208,CA,92704
317,SANTA ANA,11990,60288,CA,92707
425,FOUNTAIN VALLEY,6237,56510,CA,92708
362,TUSTIN,8403,58755,CA,92780
241,ANAHEIM,9997,62859,CA,92801
45,ANAHEIM,12084,84648,CA,92804
131,ANAHEIM,11353,71568,CA,92805
624,FULLERTON,7150,52232,CA,92833
469,GARDEN GROVE,10671,55513,CA,92840
598,PLACENTIA,7773,52794,CA,92870
832,CORONA,4811,48327,CA,92879
194,CORONA,2688,66353,CA,92880
165,CORONA,2675,68885,CA,92882
871,YORBA LINDA,3245,47786,CA,92886
715,VENTURA,2451,50446,CA,93003
338,OXNARD,4286,59435,CA,93030
62,OXNARD,2784,81644,CA,93033
452,SIMI VALLEY,1695,55846,CA,93063
124,SIMI VALLEY,2272,71899,CA,93065
525,GOLETA,319,54251,CA,93117
442,DELANO,396,56141,CA,93215
203,HANFORD,252,65927,CA,93230
88,PORTERVILLE,172,76470,CA,93257
140,TULARE,331,70820,CA,93274
653,VISALIA,1291,51604,CA,93277
552,VISALIA,635,53742,CA,93291
615,BAKERSFIELD,6902,52421,CA,93304
187,BAKERSFIELD,764,67322,CA,93306
57,BAKERSFIELD,594,82472,CA,93307
556,BAKERSFIELD,170,53639,CA,93308
335,BAKERSFIELD,5588,59489,CA,93309
467,BAKERSFIELD,3650,55539,CA,93312
519,LOMPOC,249,54433,CA,93436
460,SANTA MARIA,2033,55651,CA,93458
111,LANCASTER,285,73606,CA,93535
153,LANCASTER,288,69988,CA,93536
105,PALMDALE,380,74561,CA,93550
724,PALMDALE,688,50306,CA,93551
886,CLOVIS,4248,47559,CA,93611
799,MADERA,515,48805,CA,93638
841,FRESNO,9153,48181,CA,93702
978,FRESNO,4650,46300,CA,93720
70,FRESNO,4070,79727,CA,93722
141,FRESNO,2177,70774,CA,93727
299,SALINAS,6544,60905,CA,93905
262,SALINAS,4748,62073,CA,93906
869,DALY CITY,7582,47818,CA,94014
278,DALY CITY,10691,61591,CA,94015
213,SOUTH SAN FRANCISCO,6343,65200,CA,94080
521,SUNNYVALE,8258,54362,CA,94087
468,SAN FRANCISCO,46733,55519,CA,94109
121,SAN FRANCISCO,31023,72128,CA,94110
55,SAN FRANCISCO,24592,82726,CA,94112
400,SAN FRANCISCO,24268,57369,CA,94122
974,PALO ALTO,5822,46357,CA,94303
277,ALAMEDA,7773,61639,CA,94501
248,ANTIOCH,3813,62651,CA,94509
471,BRENTWOOD,733,55488,CA,94513
160,FAIRFIELD,3197,69067,CA,94533
155,FREMONT,4795,69921,CA,94536
274,FREMONT,3753,61784,CA,94538
656,FREMONT,2026,51494,CA,94539
287,HAYWARD,8252,61311,CA,94541
87,HAYWARD,6986,76542,CA,94544
878,LIVERMORE,205,47648,CA,94550
850,MARTINEZ,981,48018,CA,94553
190,NAPA,188,66824,CA,94558
41,PITTSBURG,2855,86204,CA,94565
899,DUBLIN,3100,47384,CA,94568
144,UNION CITY,3585,70687,CA,94587
560,VALLEJO,2482,53548,CA,94591
784,OAKLAND,15177,49279,CA,94601
331,SAN PABLO,7167,59720,CA,94806
279,CUPERTINO,2284,61521,CA,95014
375,GILROY,374,58246,CA,95020
736,HOLLISTER,121,50067,CA,95023
179,MILPITAS,2933,68178,CA,95035
996,MORGAN HILL,189,46100,CA,95037
580,SANTA CLARA,7983,53152,CA,95051
939,SANTA CRUZ,688,46688,CA,95060
54,WATSONVILLE,607,82930,CA,95076
333,SAN JOSE,11035,59521,CA,95111
472,SAN JOSE,7822,55481,CA,95112
689,SAN JOSE,14249,51010,CA,95116
476,SAN JOSE,11625,55438,CA,95122
233,SAN JOSE,7649,63621,CA,95123
894,SAN JOSE,7222,47446,CA,95124
528,SAN JOSE,6771,54200,CA,95125
212,SAN JOSE,5015,65258,CA,95127
200,STOCKTON,456,66092,CA,95206
861,STOCKTON,6599,47883,CA,95207
956,LODI,562,46482,CA,95240
725,MODESTO,5661,50260,CA,95350
888,MODESTO,5359,47534,CA,95351
349,MODESTO,6229,59111,CA,95355
777,TRACY,6476,49442,CA,95376
319,CARMICHAEL,4620,60255,CA,95608
851,DAVIS,1742,47995,CA,95616
258,ELK GROVE,1417,62335,CA,95624
120,FOLSOM,2627,72462,CA,95630
836,LINCOLN,341,48243,CA,95648
575,RANCHO CORDOVA,4242,53259,CA,95670
197,VACAVILLE,1519,66129,CA,95687
567,ROSEVILLE,1147,53452,CA,95747
292,ELK GROVE,4768,61155,CA,95758
107,SACRAMENTO,6282,74154,CA,95823
297,SACRAMENTO,4953,60993,CA,95828
934,ANTELOPE,7254,46775,CA,95843
211,EWA BEACH,3809,65260,HI,96706
914,HILO,157,47109,HI,96720
583,KAILUA,2442,53068,HI,96734
546,KANEOHE,1561,53818,HI,96744
498,MILILANI,2006,54731,HI,96789
931,WAIANAE,768,46812,HI,96792
100,WAIPAHU,2173,74752,HI,96797
672,HONOLULU,5175,51209,HI,96816
453,HONOLULU,6011,55812,HI,96817
654,HONOLULU,4475,51522,HI,96818
617,HONOLULU,2395,52416,HI,96819
207,BEAVERTON,5573,65482,OR,97006
159,BEAVERTON,2595,69469,OR,97007
686,OREGON CITY,591,51040,OR,97045
828,HILLSBORO,1124,48406,OR,97124
830,PORTLAND,7412,48384,OR,97206
949,PORTLAND,4034,46574,OR,97223
326,PORTLAND,2917,59983,OR,97229
477,SALEM,4787,55437,OR,97301
688,EUGENE,739,51025,OR,97402
367,BEND,86,58602,OR,97701
620,BOTHELL,3417,52351,WA,98012
796,FEDERAL WAY,4745,48964,WA,98023
327,REDMOND,2977,59822,WA,98052
920,SEATTLE,10144,47019,WA,98103
880,SEATTLE,7231,47611,WA,98115
966,SEATTLE,6540,46405,WA,98133
601,EVERETT,3255,52683,WA,98208
983,BELLINGHAM,3684,46251,WA,98225
995,MARYSVILLE,3222,46105,WA,98270
800,LONGVIEW,378,48786,WA,98632
456,VANCOUVER,1849,55759,WA,98682
964,YAKIMA,5143,46412,WA,98902
719,SPOKANE,1025,50372,WA,99208
134,PASCO,154,71473,WA,99301
805,KENNEWICK,3652,48749,WA,99336
566,WASILLA,107,53456,AK,99654
